<?xml version="1.0" encoding="UTF-8"?>
<GenRun Id="impl_1" LaunchPart="xc7a35tcpg236-1" LaunchTime="1443991197">
  <File Type="OPT-DCP" Name="Basys3_opt.dcp"/>
  <File Type="RUN-CONSTRS" Name="$PDATADIR/runs/impl_1/constrs_in.xml"/>
  <File Type="RUN-SRCS" Name="$PDATADIR/runs/impl_1/sources.xml"/>
  <File Type="PWROPT-DCP" Name="Basys3_pwropt.dcp"/>
  <File Type="ROUTE-DCP" Name="Basys3_routed.dcp"/>
  <File Type="PA-TCL" Name="Basys3.tcl"/>
  <File Type="RUN-STRAT" Name="$PDATADIR/runs/impl_1/impl_1.psg"/>
  <File Type="OPT-DRC" Name="Basys3_drc_opted.rpt"/>
  <File Type="PWROPT-DRC" Name="Basys3_drc_pwropted.rpt"/>
  <File Type="OPT-HWDEF" Name="Basys3.hwdef"/>
  <File Type="PLACE-DCP" Name="Basys3_placed.dcp"/>
  <File Type="PLACE-IO" Name="Basys3_io_placed.rpt"/>
  <File Type="PLACE-CLK" Name="Basys3_clock_utilization_placed.rpt"/>
  <File Type="PLACE-UTIL" Name="Basys3_utilization_placed.rpt"/>
  <File Type="PLACE-UTIL-PB" Name="Basys3_utilization_placed.pb"/>
  <File Type="PLACE-CTRL" Name="Basys3_control_sets_placed.rpt"/>
  <File Type="PLACE-SIMILARITY" Name="Basys3_incremental_reuse_placed.rpt"/>
  <File Type="PLACE-PRE-SIMILARITY" Name="Basys3_incremental_reuse_pre_placed.rpt"/>
  <File Type="POSTPLACE-PWROPT-DCP" Name="Basys3_postplace_pwropt.dcp"/>
  <File Type="PHYSOPT-DCP" Name="Basys3_physopt.dcp"/>
  <File Type="RDI-RDI" Name="Basys3.vdi"/>
  <File Type="PHYSOPT-DRC" Name="Basys3_drc_physopted.rpt"/>
  <File Type="ROUTE-DRC" Name="Basys3_drc_routed.rpt"/>
  <File Type="ROUTE-DRC-PB" Name="Basys3_drc_routed.pb"/>
  <File Type="ROUTE-PWR" Name="Basys3_power_routed.rpt"/>
  <File Type="ROUTE-PWR-SUM" Name="Basys3_power_summary_routed.pb"/>
  <File Type="ROUTE-STATUS" Name="Basys3_route_status.rpt"/>
  <File Type="ROUTE-STATUS-PB" Name="Basys3_route_status.pb"/>
  <File Type="ROUTE-TIMINGSUMMARY" Name="Basys3_timing_summary_routed.rpt"/>
  <File Type="ROUTE-TIMING-PB" Name="Basys3_timing_summary_routed.pb"/>
  <File Type="ROUTE-TIMING-RPX" Name="Basys3_timing_summary_routed.rpx"/>
  <File Type="ROUTE-SIMILARITY" Name="Basys3_incremental_reuse_routed.rpt"/>
  <File Type="ROUTE-CLK" Name="Basys3_clock_utilization_routed.rpt"/>
  <File Type="POSTROUTE-PHYSOPT-DCP" Name="Basys3_postroute_physopt.dcp"/>
  <File Type="POSTROUTE-PHYSOPT-TIMING" Name="Basys3_timing_summary_postroute_physopted.rpt"/>
  <File Type="POSTROUTE-PHYSOPT-TIMING-PB" Name="Basys3_timing_summary_postroute_physopted.pb"/>
  <File Type="POSTROUTE-PHYSOPT-TIMING-RPX" Name="Basys3_timing_summary_postroute_physopted.rpx"/>
  <File Type="BG-BIT" Name="Basys3.bit"/>
  <File Type="BG-BIN" Name="Basys3.bin"/>
  <File Type="BITSTR-MSK" Name="Basys3.msk"/>
  <File Type="BITSTR-RBT" Name="Basys3.rbt"/>
  <File Type="BITSTR-NKY" Name="Basys3.nky"/>
  <File Type="BITSTR-BMM" Name="Basys3_bd.bmm"/>
  <File Type="BITSTR-MMI" Name="Basys3.mmi"/>
  <File Type="BITSTR-SYSDEF" Name="Basys3.sysdef"/>
  <File Type="BG-BGN" Name="Basys3.bgn"/>
  <File Type="BG-DRC" Name="Basys3.drc"/>
  <File Type="WBT-USG" Name="usage_statistics_webtalk.html"/>
  <FileSet Name="sources" Type="DesignSrcs" RelSrcDir="$PSRCDIR/sources_1">
    <Filter Type="Srcs"/>
    <File Path="$PSRCDIR/sources_1/new/HA.vhd">
      <FileInfo>
        <Attr Name="UsedIn" Val="synthesis"/>
        <Attr Name="UsedIn" Val="simulation"/>
      </FileInfo>
    </File>
    <File Path="$PSRCDIR/sources_1/new/FA.vhd">
      <FileInfo>
        <Attr Name="UsedIn" Val="synthesis"/>
        <Attr Name="UsedIn" Val="simulation"/>
      </FileInfo>
    </File>
    <File Path="$PSRCDIR/sources_1/new/ADD16b.vhd">
      <FileInfo>
        <Attr Name="UsedIn" Val="synthesis"/>
        <Attr Name="UsedIn" Val="simulation"/>
      </FileInfo>
    </File>
    <File Path="$PSRCDIR/sources_1/new/XOR16b.vhd">
      <FileInfo>
        <Attr Name="UsedIn" Val="synthesis"/>
        <Attr Name="UsedIn" Val="simulation"/>
      </FileInfo>
    </File>
    <File Path="$PSRCDIR/sources_1/new/SUS16b.vhd">
      <FileInfo>
        <Attr Name="UsedIn" Val="synthesis"/>
        <Attr Name="UsedIn" Val="simulation"/>
      </FileInfo>
    </File>
    <File Path="$PSRCDIR/sources_1/new/ShiftR16b.vhd">
      <FileInfo>
        <Attr Name="UsedIn" Val="synthesis"/>
        <Attr Name="UsedIn" Val="simulation"/>
      </FileInfo>
    </File>
    <File Path="$PSRCDIR/sources_1/new/ShiftL16b.vhd">
      <FileInfo>
        <Attr Name="UsedIn" Val="synthesis"/>
        <Attr Name="UsedIn" Val="simulation"/>
      </FileInfo>
    </File>
    <File Path="$PSRCDIR/sources_1/new/OR16b.vhd">
      <FileInfo>
        <Attr Name="UsedIn" Val="synthesis"/>
        <Attr Name="UsedIn" Val="simulation"/>
      </FileInfo>
    </File>
    <File Path="$PSRCDIR/sources_1/new/NOT16b.vhd">
      <FileInfo>
        <Attr Name="UsedIn" Val="synthesis"/>
        <Attr Name="UsedIn" Val="simulation"/>
      </FileInfo>
    </File>
    <File Path="$PSRCDIR/sources_1/new/AND16b.vhd">
      <FileInfo>
        <Attr Name="UsedIn" Val="synthesis"/>
        <Attr Name="UsedIn" Val="simulation"/>
      </FileInfo>
    </File>
    <File Path="$PSRCDIR/sources_1/new/CU.vhd">
      <FileInfo>
        <Attr Name="UsedIn" Val="synthesis"/>
        <Attr Name="UsedIn" Val="simulation"/>
      </FileInfo>
    </File>
    <File Path="$PSRCDIR/sources_1/new/reg_3b.vhd">
      <FileInfo>
        <Attr Name="UsedIn" Val="synthesis"/>
        <Attr Name="UsedIn" Val="simulation"/>
      </FileInfo>
    </File>
    <File Path="$PSRCDIR/sources_1/new/ROM.vhd">
      <FileInfo>
        <Attr Name="UsedIn" Val="synthesis"/>
        <Attr Name="UsedIn" Val="simulation"/>
      </FileInfo>
    </File>
    <File Path="$PSRCDIR/sources_1/new/Reg.vhd">
      <FileInfo>
        <Attr Name="ImportPath" Val="$PPRDIR/../../../../../../../../../../../../Proyecto Base.srcs/sources_1/new/Reg.vhd"/>
        <Attr Name="ImportTime" Val="1439072425"/>
        <Attr Name="UsedIn" Val="synthesis"/>
        <Attr Name="UsedIn" Val="simulation"/>
      </FileInfo>
    </File>
    <File Path="$PSRCDIR/sources_1/new/RAM.vhd">
      <FileInfo>
        <Attr Name="UsedIn" Val="synthesis"/>
        <Attr Name="UsedIn" Val="simulation"/>
      </FileInfo>
    </File>
    <File Path="$PSRCDIR/sources_1/new/PC.vhd">
      <FileInfo>
        <Attr Name="UsedIn" Val="synthesis"/>
        <Attr Name="UsedIn" Val="simulation"/>
      </FileInfo>
    </File>
    <File Path="$PSRCDIR/sources_1/new/MUX.vhd">
      <FileInfo>
        <Attr Name="UsedIn" Val="synthesis"/>
        <Attr Name="UsedIn" Val="simulation"/>
      </FileInfo>
    </File>
    <File Path="$PSRCDIR/sources_1/new/Led_Driver.vhd">
      <FileInfo>
        <Attr Name="ImportPath" Val="$PPRDIR/../../../../../../../../Proyecto Base.srcs/sources_1/new/Led_Driver.vhd"/>
        <Attr Name="ImportTime" Val="1438938772"/>
        <Attr Name="UsedIn" Val="synthesis"/>
        <Attr Name="UsedIn" Val="simulation"/>
      </FileInfo>
    </File>
    <File Path="$PSRCDIR/sources_1/new/Clock_Divider.vhd">
      <FileInfo>
        <Attr Name="ImportPath" Val="$PPRDIR/../../../../../../../../Proyecto Base.srcs/sources_1/new/Clock_Divider.vhd"/>
        <Attr Name="ImportTime" Val="1439136215"/>
        <Attr Name="UsedIn" Val="synthesis"/>
        <Attr Name="UsedIn" Val="simulation"/>
      </FileInfo>
    </File>
    <File Path="$PSRCDIR/sources_1/new/ALU.vhd">
      <FileInfo>
        <Attr Name="ImportPath" Val="$PPRDIR/../../../../../../../../../../../../Proyecto Base.srcs/sources_1/new/ALU.vhd"/>
        <Attr Name="ImportTime" Val="1439072847"/>
        <Attr Name="UsedIn" Val="synthesis"/>
        <Attr Name="UsedIn" Val="simulation"/>
      </FileInfo>
    </File>
    <File Path="$PSRCDIR/sources_1/new/Basys3.vhd">
      <FileInfo>
        <Attr Name="ImportPath" Val="$PPRDIR/../../../../../../../../../../../../Proyecto Base.srcs/sources_1/new/Basys3.vhd"/>
        <Attr Name="ImportTime" Val="1439135753"/>
        <Attr Name="UsedIn" Val="synthesis"/>
        <Attr Name="UsedIn" Val="simulation"/>
      </FileInfo>
    </File>
    <Config>
      <Option Name="DesignMode" Val="RTL"/>
      <Option Name="TopModule" Val="Basys3"/>
      <Option Name="TopAutoSet" Val="TRUE"/>
    </Config>
  </FileSet>
  <FileSet Name="constrs_in" Type="Constrs" RelSrcDir="$PSRCDIR/constrs_1">
    <Filter Type="Constrs"/>
    <File Path="$PSRCDIR/constrs_1/new/Basys3.xdc">
      <FileInfo>
        <Attr Name="ImportPath" Val="$PPRDIR/../../../../Proyecto Base.srcs/constrs_1/new/Basys3.xdc"/>
        <Attr Name="ImportTime" Val="1439148242"/>
        <Attr Name="UsedIn" Val="synthesis"/>
        <Attr Name="UsedIn" Val="implementation"/>
      </FileInfo>
    </File>
    <Config>
      <Option Name="ConstrsType" Val="XDC"/>
    </Config>
  </FileSet>
  <Strategy Version="1" Minor="2">
    <StratHandle Name="Vivado Implementation Defaults" Flow="Vivado Implementation 2015"/>
    <Step Id="init_design"/>
    <Step Id="opt_design"/>
    <Step Id="power_opt_design"/>
    <Step Id="place_design"/>
    <Step Id="post_place_power_opt_design"/>
    <Step Id="phys_opt_design"/>
    <Step Id="route_design"/>
    <Step Id="post_route_phys_opt_design"/>
    <Step Id="write_bitstream"/>
  </Strategy>
</GenRun>
